{
  "lat_min": -41.492261,
  "lat_max": -10.979559,
  "lon_min": 114.376419,
  "lon_max": 153.470351,
  "nx": 10,
  "ny": 10
}